,Oats,Corn,Soybeans,Wheat
0,0.01464434591586768,0.006770106765852588,0.00942825398104692,0.005279204843693419
1,0.014364338217603361,0.006407617172212098,0.008984079916498836,0.0052286156949441585
2,0.014296346431910604,0.006418640101939311,0.009255250372094537,0.005199422668197133
3,0.014144783458723335,0.006150947117743546,0.008747209791812424,0.005078637643737699
